Expression,Left Eye Height,Right Eye Height,Left Eyebrow Height,Right Eyebrow Height,MouthHeight,
Happy,9.000000,10.049876,18.681542,17.888544,36.526831,
Sad,14.000000,15.132746,18.439089,17.720045,17.000000,
Angry,10.049876,9.000000,16.124515,15.231546,27.091555,
Surprised,17.117243,17.029386,22.360680,20.615528,40.497803,
Scared,16.000000,14.035669,17.117243,17.720045,22.505295,
Neutral,12.000000,12.041595,19.646883,18.681542,16.509345,
