Expression,Left Eye Height,Right Eye Height,Left Eyebrow Height,Right Eyebrow Height,MouthHeight,
Happy,8.062258,8.000000,18.973666,19.697716,39.127387,
Sad,16.000000,15.132746,18.681542,17.464249,11.534897,
Angry,11.000000,11.045361,16.278821,13.928388,33.678788,
Surprised,15.000000,16.031220,18.439089,17.464249,38.000000,
Scared,17.000000,17.117243,21.189620,15.524175,27.991505,
Neutral,11.045361,12.165525,19.924859,16.552945,18.262685,
